id;matricule;typedepaiement;sexe;nom;prenom;datedenaissance;email;adresse;telephone;codepostale;ville;pays
1;navigating;TRAITE;HOMME;Jewelery user Bedfordshire;Dollar UAE;2023-04-12;Alejandra99@yahoo.com;Accounts up;(633) 849-3542 x664;Mobility Generic Ergonomic;Plastic JBOD;drive Verde Implementation
2;matrix Product;TRAITE;HOMME;technologies Shirt Mississippi;Avon deliverables hack;2023-04-13;Neva_Oberbrunner23@hotmail.com;Communications;1-329-729-1788;redundant azure Synergized;navigating transition;Games auxiliary FTP
3;Buckinghamshire;ESPECE;FEMME;Account Gloves knowledge;partnerships;2023-04-13;Korey_Reynolds91@gmail.com;web-enabled Incredible Profit-focused;1-936-738-5725 x703;Ball deposit Afghanistan;Shoes;1080p
4;Analyst Principal Springs;ESPECE;HOMME;Port communities transition;Chips;2023-04-13;Rollin_Jacobi@yahoo.com;Green Managed;1-942-235-8092;firewall;lime;quantifying withdrawal
5;Card copy Identity;ESPECE;HOMME;Reduced;red synthesizing;2023-04-12;Waino69@yahoo.com;quantifying Paradigm Shirt;985.435.1929 x90944;circuit Jewelery Metal;magenta algorithm;Virginia
6;Michigan Legacy Kansas;CHEQUE;FEMME;Car;Industrial Electronics Marketing;2023-04-13;Timothy63@gmail.com;invoice;1-768-725-4471;withdrawal;Borders;Handmade convergence
7;Object-based Internal;ESPECE;FEMME;Licensed turquoise input;Monitored Gorgeous;2023-04-13;Palma.Powlowski44@gmail.com;artificial red SSL;779.922.7332;asymmetric Frozen ROI;United architect;Wooden Books
8;leverage;ESPECE;FEMME;Solutions COM;Soap Colombian recontextualize;2023-04-13;Trevor30@yahoo.com;Direct Account;1-439-728-2861 x3897;Loan Music primary;Alaska East;Pula
9;Garden;ESPECE;HOMME;COM;override;2023-04-13;Joaquin67@hotmail.com;Indiana;1-517-902-1315;azure Innovative Rica;Plains protocol Fresh;brand dynamic Chief
10;payment help-desk;TRAITE;FEMME;silver intangible;Refined feed;2023-04-12;Cristopher.Pfannerstill@hotmail.com;gold;668.470.1387;24 capacitor;Legacy e-services;Assurance
